ts,uid,id.orig_h,id.orig_p,id.resp_h,id.resp_p,proto,service,duration,orig_bytes,resp_bytes,conn_state,local_orig,local_resp,missed_bytes,history,orig_pkts,orig_ip_bytes,resp_pkts,resp_ip_bytes,tunnel_parents,ip_proto,label
1558342575.320023,CvM5CP1EAsdpqYnZn8,192.168.0.13,9020,192.168.0.16,49668,tcp,,,,,OTH,T,T,0,RT,1,1440,0,0,,6,0
1558342575.952551,C7N5Q3RzzgCaJIq21,192.168.0.13,169,248.250.9.234,40795,tcp,,,,,OTH,T,T,0,I,1,1440,0,0,,6,0
1558342581.677407,CVSx2esOIE7lrNBN3,192.168.0.24,51846,223.39.118.176,443,tcp,,0.046955,0.0,37.0,SHR,T,F,0,^dfA,2,80,2,117,,6,0
1558342588.301192,CuDWbx3WsN6jGHsm85,192.168.0.24,42038,211.188.147.64,443,tcp,ssl,0.312335,218222.0,7058.0,RSTO,T,F,2920,ShADadtTTGfR,182,251802,91,13020,,6,0
1558342592.703231,CS7JMu1KQbPtcyeuye,192.168.0.24,58021,223.39.118.176,443,tcp,,,,,RSTRH,T,F,0,^r,0,0,1,40,,6,0
1558342592.924077,CoipgG3aHm8Oh8xUog,192.168.0.24,53216,223.39.123.191,443,tcp,,0.005964,37.0,0.0,RSTR,T,F,0,DFr,2,117,1,40,,6,0
1558342592.928961,CTuRPe3i26q9O3FDk,192.168.0.24,51165,223.39.123.191,443,tcp,,0.007335,37.0,0.0,RSTR,T,F,0,DFr,2,117,1,40,,6,0
1558342592.990521,CFj6xC3QmnqCkMQmCf,192.168.0.24,54731,223.39.118.176,443,tcp,,,,,RSTRH,T,F,0,^r,0,0,1,40,,6,0
1558342592.991772,CCQIHC2pzzsWSIob1b,192.168.0.24,40089,223.39.118.176,443,tcp,,,,,RSTRH,T,F,0,^r,0,0,1,40,,6,0
1558342592.991912,CG78Q641i34eaFiEGh,192.168.0.24,33157,223.39.118.176,443,tcp,,,,,RSTRH,T,F,0,^r,0,0,1,40,,6,0
1558342588.287214,CUDYix0tvwVfI7QX,192.168.0.24,37687,163.152.1.1,53,udp,dns,0.00147,37.0,206.0,SF,T,F,0,Dd,1,65,1,234,,17,0
1558342594.886535,CQu0nZ1TujMxvBmWPd,192.168.0.24,51846,223.39.118.176,443,tcp,,,,,RSTRH,T,F,0,^r,0,0,1,40,,6,0
1558342592.684566,CosMfB25v3aCVKRhN2,192.168.0.24,58382,223.39.123.193,8100,tcp,,3.541442,11111.0,1121.0,SF,T,F,0,ShADadTFf,34,18901,29,2285,,6,0
1558342599.26293,CSjNLC2bbVOGQESwU7,192.168.0.13,9020,192.168.0.16,34130,tcp,,,,,OTH,T,T,0,IT,1,1440,0,0,,6,0
1558342597.38728,CPZEwD1hAHNDwXlhB4,192.168.0.24,54218,223.39.123.245,7000,tcp,,1.971904,1777.0,229206.0,SF,T,F,38,ShADadttGFf,148,7679,224,266442,,6,0
1558342602.160507,CFsG351HZK7lKHrcQ8,192.168.0.13,9020,192.168.0.16,49764,tcp,,,,,OTH,T,T,0,RT,1,1440,0,0,,6,0
1558342597.049404,CSAXVQ2eXsGXowzYz3,192.168.0.13,5353,224.0.0.251,5353,udp,dns,13.053608,665.0,0.0,S0,T,T,0,D,19,1197,0,0,,17,0
1558342630.9812,CFxetv4KtlVfbSQFr2,192.168.0.16,49788,192.168.0.13,9010,tcp,,0.040838,336.0,206.0,RSTO,T,T,0,ShADTadftR,11,1232,14,1774,,6,0
1558342642.665073,CxioK7Zh5VgiOvN5h,192.168.0.24,50966,104.70.122.58,443,tcp,ssl,1.120471,1682.0,423802.0,S1,T,F,0,ShADadTtt,207,12588,328,478251,,6,0
1558342637.160463,CACrp1s6FL8G7lmT7,192.168.0.13,5353,224.0.0.251,5353,udp,dns,0.119726,175.0,0.0,S0,T,T,0,D,5,315,0,0,,17,0
1558342642.714332,CVV2cuCbRXcnQuksa,192.168.0.24,38073,223.39.123.245,7000,tcp,,0.342446,443.0,23036.0,SF,T,F,0,ShADadtTFf,26,1541,29,25660,,6,0
1558342643.788176,CaRdHeXHGfMlzn02e,104.70.122.58,443,192.168.0.24,50966,tcp,,0.020705,2144249306.0,0.0,OTH,F,T,0,QTDa,34,50383,2,104,,6,0
1558342643.990632,CgWaiG2Jjw1E4Q42Yf,192.168.0.24,51063,172.217.25.110,80,tcp,,0.046886,0.0,0.0,SHR,T,F,0,^fA,1,52,1,52,,6,0
1558342642.647798,CbeSffoUoLdP4W2a7,192.168.0.24,64011,163.152.1.1,53,udp,dns,0.01427,48.0,437.0,SF,T,F,0,Dd,1,76,1,465,,17,0
1558342651.340696,CCwVq63VwDWX7aa5k,192.168.0.24,48416,223.39.118.149,443,tcp,,,,,OTH,T,F,0,R,1,52,0,0,,6,0
1558342651.34817,CgpTJe2cRvk5epm8,192.168.0.24,56386,223.39.118.149,443,tcp,,,,,OTH,T,F,0,R,1,52,0,0,,6,0
1558342609.48801,CobO3m4D1feuSlGVna,192.168.0.24,35253,223.39.118.149,443,tcp,ssl,41.894106,1108.0,512.0,RSTO,T,F,0,ShADadfR,8,1532,8,936,,6,0
1558342609.776013,CKGta31LUtNaxvXDnb,192.168.0.24,53761,223.39.118.149,443,tcp,ssl,41.637597,1108.0,512.0,RSTO,T,F,0,ShADadfR,8,1532,8,936,,6,0
1558342654.319412,CYLcey2krlsjzBvUS2,192.168.0.16,49790,192.168.0.13,9010,tcp,,0.054275,192.0,149.0,RSTO,T,T,0,ShADTadtfR,14,1076,12,938,,6,0
1558342631.023754,CQZcJx4OeG6Wwi7Vah,192.168.0.16,49789,192.168.0.13,9020,tcp,,23.360259,100101.0,115314.0,RSTO,T,T,869,ShADTadttTtTgGR,1394,273767,1327,329964,,6,0
1558342595.61093,CUQltP1axddZ28K9q5,192.168.0.24,53692,223.39.118.176,443,tcp,ssl,57.906084,949.0,7122.0,RSTR,T,F,0,ShADadftr,14,1529,15,7763,,6,0
1558342590.365207,CRoF0R1SU8icG4u5zl,192.168.0.24,38612,223.39.118.176,443,tcp,ssl,62.911557,949.0,7122.0,RSTR,T,F,0,ShADadfr,14,1529,13,7646,,6,0
1558342615.016525,Ccc4IUZKfhNMazfa2,192.168.0.24,37092,223.39.118.176,443,tcp,ssl,39.396196,949.0,7122.0,RSTR,T,F,0,ShADadtfr,14,1529,14,9146,,6,0
1558342584.754451,CIjEB84jJ4glNXBxba,192.168.0.24,33782,223.39.118.176,443,tcp,ssl,68.281889,949.0,7122.0,RSTR,T,F,0,ShADadfr,14,1529,13,7646,,6,0
1558342584.75486,CPmsY33JJMxHaHQFC5,192.168.0.24,53177,223.39.118.176,443,tcp,ssl,68.247653,949.0,7122.0,RSTR,T,F,0,ShADadfr,14,1529,13,7646,,6,0
1558342584.941491,CZjACA4BZFBsg8xrJh,192.168.0.24,47527,223.39.118.176,443,tcp,ssl,68.069182,949.0,7122.0,RSTR,T,F,0,ShADadfr,14,1529,13,7646,,6,0
1558342609.579143,CNuP8j3tb98LNeZBPd,192.168.0.24,35410,223.39.118.176,443,tcp,ssl,44.586992,949.0,7122.0,RSTR,T,F,0,ShADadtfr,14,1529,17,13646,,6,0
1558342609.551888,C3m6ux3l0R5znXPo58,192.168.0.24,38322,223.39.118.176,443,tcp,ssl,44.61619,949.0,7106.0,RSTR,T,F,2920,ShADadgfr,14,1529,11,4630,,6,0
1558342609.825604,C7XnJknsf5k9B2yw6,192.168.0.24,34007,223.39.118.176,443,tcp,ssl,44.34924,949.0,7122.0,RSTR,T,F,0,ShADadfr,14,1529,14,7686,,6,0
1558342609.894126,CeLzHQ2ApxmTM4Vrj7,192.168.0.24,60498,223.39.118.176,443,tcp,ssl,44.27209,949.0,7122.0,RSTR,T,F,0,ShADadtfr,16,1609,14,9146,,6,0
1558342628.8718,C7eWkEyQfBsLOKtU7,192.168.0.24,37714,223.39.118.176,443,tcp,ssl,26.533302,949.0,7122.0,RSTR,T,F,405,ShADadttgfr,14,1529,22,20429,,6,0
1558342668.600158,CGjm7u2heLGDqhz0Qe,192.168.0.13,65033,192.168.0.240,9231,tcp,,,,,OTH,T,T,0,,0,0,0,0,,6,0
1558342574.859557,CBr5U31DDZQoDjBT5f,192.168.0.13,9020,192.168.0.16,49784,tcp,,105.413098,547618994.0,321782784.0,OTH,T,T,0,DTaTTTQTAI,30708,36790375,13518,703212,,6,0
1558342680.274513,CBAlHN3ZP1pTB0yj6f,192.168.0.13,9020,192.168.0.16,49784,tcp,,4.990728,586.0,0.0,S0,T,T,0,STDaTTT,1653,2017510,612,31872,,6,0
1558342698.029063,CHxVBA3C0mHUyeqFre,192.168.0.13,51248,192.168.0.1,57592,tcp,,3.000301,0.0,0.0,S0,T,T,0,S,3,180,0,0,,6,0
1558342647.747236,CYFANi2Pjn3qkKWOxc,97.186.0.16,0,192.168.0.13,0,unknown_transport,,,,,OTH,F,T,0,,1,52,0,0,,136,0
1558342705.293014,CIxXHn4D8A6TxiMFu8,192.168.0.24,37678,223.39.118.176,443,tcp,,0.001345,37.0,0.0,OTH,T,F,0,DR,2,117,0,0,,6,0
1558342642.95604,CjGEGr43TOD37SBoVe,192.168.0.24,41716,223.39.118.176,443,tcp,ssl,70.214063,949.0,7123.0,RSTR,T,F,38,ShADadgr,14,1529,11,7529,,6,0
1558342651.592061,CvitqU2p7B8Zujshya,192.168.0.24,38127,223.39.118.176,443,tcp,ssl,62.182828,949.0,7106.0,RSTR,T,F,0,ShADadTfr,16,2931,13,7630,,6,0
1558342651.153337,Cf2aia1fppeyffYmk8,192.168.0.24,38188,223.39.118.176,443,tcp,ssl,62.621391,949.0,7122.0,RSTR,T,F,0,ShADadfr,14,1529,13,7646,,6,0
1558342657.727472,Cs2u7022EcdnQzZXp1,192.168.0.24,33685,223.39.118.176,443,tcp,ssl,56.051916,949.0,7122.0,RSTR,T,F,0,ShADadfr,14,1529,13,7646,,6,0
1558342651.317649,CGGiHK3zphBHFHrdz5,192.168.0.24,47361,223.39.118.176,443,tcp,ssl,62.457314,949.0,7122.0,RSTR,T,F,6106,ShADadgTftr,13,2811,9,1417,,6,0
1558342646.044594,CHynZs2sTwxOMlZZY6,192.168.0.24,43457,223.39.118.176,443,tcp,ssl,67.202775,821.0,7122.0,RSTR,T,F,0,ShDadAftr,13,1361,15,7763,,6,0
1558342651.98715,CLdSvh4HpAnkppj50j,192.168.0.24,56401,223.39.118.176,443,tcp,ssl,61.787959,949.0,7122.0,RSTR,T,F,0,ShADadtfr,14,1529,18,14260,,6,0
1558342652.401591,C3mc6BcLoQMQ6zEK4,192.168.0.24,58102,223.39.118.176,443,tcp,ssl,61.373591,949.0,7122.0,RSTR,T,F,0,ShADadtfr,14,1529,18,14260,,6,0
1558342652.019127,CK9nBBYYsbjTShTG2,192.168.0.24,35104,223.39.118.176,443,tcp,ssl,61.755909,949.0,7122.0,RSTR,T,F,0,ShADadtfr,14,1529,15,9760,,6,0
1558342652.579418,CTI50MORX37XJsAS,192.168.0.24,50866,223.39.118.176,443,tcp,ssl,61.19591,949.0,7122.0,RSTR,T,F,0,ShADadtfr,14,1529,16,12146,,6,0
1558342652.478108,CiPsmAkcrZSpeXYR1,192.168.0.24,56625,223.39.118.176,443,tcp,ssl,61.297147,949.0,7122.0,RSTR,T,F,0,ShADadtfr,14,1529,18,14260,,6,0
1558342718.332505,C2FHaI2sZRTiRhG2Da,192.168.0.13,5353,224.0.0.251,5353,udp,dns,0.050467,175.0,0.0,S0,T,T,0,D,5,315,0,0,,17,0
1558342696.015179,CvXDcl3id849iSEZh5,192.168.0.1,1900,192.168.0.13,49415,udp,,,,,S0,T,T,0,D,1,431,0,0,,17,0
1558342696.012434,CvCAtG1txDffXVfIO9,192.168.0.13,49415,239.255.255.250,1900,udp,,0.25073,685.0,0.0,S0,T,T,0,D,5,825,0,0,,17,0
1558342805.132668,CyRT194fvIGtszTOcl,192.168.0.24,36189,8.8.8.8,53,tcp,,0.078383,0.0,0.0,SF,T,F,0,ShAFf,4,216,2,112,,6,0
1558342806.815935,CVJaPk33mQ7GVXKQa8,192.168.0.24,58383,223.39.123.193,8100,tcp,,3.552467,13047.0,1229.0,SF,T,F,752,ShADadTGFf,38,22961,28,2353,,6,0
1558342810.857008,Cepkfx23urqZXHQhTa,192.168.0.24,47192,223.39.123.194,8289,tcp,,,,,OTH,T,F,0,,0,0,0,0,,6,0
1558342814.208759,Criq6s214brA17VFH4,192.168.0.24,52699,223.39.123.245,7000,tcp,,1.603357,697.0,62046.0,SF,T,F,0,ShADTadtFf,63,3339,60,65566,,6,0
1558342817.36567,CqntxX3NFngUymttWd,192.168.0.24,53787,223.39.118.176,443,tcp,,0.003644,37.0,0.0,OTH,T,F,0,DR,2,117,0,0,,6,0
1558342814.176175,CfuPOI1UqpgSn553W3,192.168.0.24,32907,163.152.1.1,53,udp,dns,0.001537,35.0,173.0,SF,T,F,0,Dd,1,63,1,201,,17,0
1558342824.268765,CwXUxH2WWZtfQ30Hi,192.168.0.13,51249,192.168.0.1,57592,tcp,,3.000429,0.0,0.0,S0,T,T,0,S,3,180,0,0,,6,0
1558342831.690873,CpYh3L3ZUqE8WLBeia,192.168.0.16,49791,192.168.0.13,9010,tcp,,0.056971,192.0,149.0,RSTO,T,T,0,ShADTadftR,20,2192,16,1742,,6,0
1558342685.330117,CXTqFv2wvubPe5hk5d,192.168.0.13,9020,192.168.0.16,49784,tcp,,146.457095,15715677.0,4195327.0,SF,T,T,0,DTaTTTFIHFQfAF,41365,48503405,17834,927716,,6,0
1558342788.315009,CzH00f3ouKabo9NYM3,192.168.0.24,33760,223.39.123.191,443,tcp,ssl,46.494106,1065.0,7090.0,RSTR,T,F,0,ShADadfr,13,1605,14,7654,,6,0
1558342807.083467,Cc9AT91JVOc6HeQAPc,192.168.0.24,55291,223.39.118.176,443,tcp,ssl,28.649724,949.0,7122.0,RSTR,T,F,0,ShADadTfr,15,1703,13,7646,,6,0
1558342806.982283,CCe0zL1fnpYb4l1L9d,192.168.0.24,45638,223.39.118.176,443,tcp,ssl,28.750754,949.0,7122.0,RSTR,T,F,0,ShADadftr,14,1529,15,7763,,6,0
1558342807.047575,C5SCvW2v1hN3mvcz3e,192.168.0.24,51718,223.39.123.191,443,tcp,ssl,28.685542,1011.0,1150.0,RSTR,T,F,0,ShADadfr,12,1511,12,1634,,6,0
1558342814.538113,CfhJhq2F08NgXIOP05,192.168.0.24,50059,223.39.118.176,443,tcp,ssl,21.501118,949.0,7122.0,RSTR,T,F,0,ShADadfr,14,1529,13,7646,,6,0
1558342844.551874,C0TUKkwwLwNiSTxVa,192.168.0.16,49792,192.168.0.13,9010,tcp,,0.037903,448.0,280.0,RSTO,T,T,0,ShADTadtRf,12,1496,8,992,,6,0
1558342856.705674,CBMdI93BLEa3Sbewp6,192.168.0.16,49794,192.168.0.13,9010,tcp,,0.049932,192.0,149.0,RSTO,T,T,0,ShADTadftR,12,1008,8,730,,6,0
1558342844.589566,CB7Eqf2b47nb4tYjx,192.168.0.16,49793,192.168.0.13,9020,tcp,,12.259423,133607334.0,1289851.0,RSTR,T,T,30,ShADTadttttgiFf,1624,85048,3133,3675936,,6,0
1558342857.413324,CpOtvy1N3IKfC6ymn5,192.168.0.16,49795,192.168.0.13,9010,tcp,,0.040208,448.0,280.0,RSTO,T,T,0,ShADTadftR,12,1520,8,992,,6,0
1558342864.81129,C6jGkh1Ko1LCjeWJp4,192.168.0.13,9064,192.168.0.16,44665,tcp,,,,,S0,T,T,0,ST,1,1440,0,0,,6,0
1558342865.291394,CRSqxW1CbEbOURBeIc,192.168.0.16,49797,192.168.0.13,9010,tcp,,0.049898,192.0,149.0,RSTO,T,T,0,ShADTadftR,12,1008,8,730,,6,0
1558342857.454143,CqoXkn3Wi8mgtrTcD,192.168.0.16,49796,192.168.0.13,9020,tcp,,8.061111,192.0,834235.0,RSTR,T,T,1840,ShADTadttttgiFf,1062,55932,2146,2529004,,6,0
1558342866.420176,CsVKgBM4JyYD4HOy1,192.168.0.16,49798,192.168.0.13,9010,tcp,,0.041284,448.0,280.0,RSTO,T,T,0,ShADTadftR,12,1520,11,1708,,6,0
1558342864.165744,CEIJ981BaSuXhO2g22,192.168.0.24,37747,223.39.118.176,443,tcp,ssl,10.647302,949.0,7106.0,S3,T,F,0,ShADadf,14,1529,12,7590,,6,0
1558342822.737009,C1EmqG2V81vye992lf,192.168.0.24,53354,223.39.123.191,443,tcp,ssl,5.354076,1065.0,7090.0,S3,T,F,0,ShADadtf,13,1605,17,12188,,6,0
1558342822.257629,C62gTQ3jtsW6hEArtj,192.168.0.1,1900,192.168.0.13,33532,udp,,,,,S0,T,T,0,D,1,431,0,0,,17,0
1558342874.841227,C1l8f03EB8OmMuuHRi,192.168.0.24,50966,104.70.172.53,443,tcp,,,,,OTH,T,F,0,^d,0,0,1,1500,,6,0
1558342816.59148,CYxfmm2jyuTKxJym95,192.168.0.13,41759,192.168.0.16,22389,tcp,,,,,OTH,T,T,0,D,1,1440,0,0,,6,0
1558342814.181775,CtXq9r2chejfOiZro6,192.168.0.24,57678,222.239.240.107,443,tcp,ssl,2.440479,657.0,984045.0,S1,T,F,65684,ShADadtggt,132,7529,722,1035122,,6,0
1558342801.238648,Co5QKb2CyS1ch28t6f,192.168.0.13,9020,192.168.0.48,49784,tcp,,,,,OTH,T,T,0,D,1,1408,0,0,,6,0
1558342796.127818,CSrCn6NzzTPJCvDfb,192.168.0.13,9020,192.168.0.24,49784,tcp,,,,,OTH,T,T,0,D,1,1440,0,0,,6,0
1558342874.842214,CBw9bZ3Jyiz6e9Gdb5,192.168.0.24,51014,104.70.122.58,443,tcp,,,,,OTH,T,F,0,^d,0,0,1,1500,,6,0
1558342764.060191,Crsyai4hbcQQcA20d3,192.168.0.13,41910,192.168.0.16,15201,tcp,,,,,OTH,T,T,0,D,1,1440,0,0,,6,0
1558342724.445877,COuS9M2CGMLM8dvUCa,192.168.0.13,13030,192.168.84.166,51733,tcp,,,,,OTH,T,T,0,D,1,1440,0,0,,6,0
1558342705.880922,CNSwWNdzoT2FjIwDj,192.168.0.13,9020,192.168.0.16,49832,tcp,,,,,OTH,T,T,0,D,1,1440,0,0,,6,0
1558342860.759853,CuJPAo3qIndIdawNQb,192.168.0.24,54716,223.39.123.191,443,tcp,,5.732685,67096.0,7090.0,S3,T,F,0,^hadADTtf,67,82916,63,11018,,6,0
1558342681.569615,CuLDvO33yaFUHiKWBc,192.168.0.13,25404,192.168.0.16,49784,tcp,,,,,OTH,T,T,0,D,1,528,0,0,,6,0
1558342670.67009,CbP9tI1Tr3eDwQrm1b,192.168.0.13,58163,192.168.0.16,59513,tcp,,,,,OTH,T,T,0,D,1,1440,0,0,,6,0
1558342663.674617,Ca32991S7m7W3hiVra,192.168.0.13,48700,192.168.128.233,49784,tcp,,,,,OTH,T,T,0,D,1,1396,0,0,,6,0
1558342651.770226,CmeAwe3BQVDjC20Qtk,192.168.0.24,51762,223.39.118.149,443,tcp,ssl,0.146341,1108.0,512.0,S3,T,F,0,ShADadf,7,1480,8,936,,6,0
1558342651.073762,CzE6Ud3xuJ1hBR0puj,192.168.0.24,46124,223.39.118.149,443,tcp,ssl,0.410913,1108.0,512.0,S3,T,F,0,ShADadf,7,1480,8,936,,6,0
1558342649.022374,CXHjpisUOdZpgJ9Z1,192.168.0.13,49420,248.250.217.216,49789,tcp,,,,,OTH,T,T,0,D,1,293,0,0,,6,0
1558342643.794214,CTsfl7fNBimuUKpQd,192.168.0.24,51025,104.70.122.58,443,tcp,,,,,OTH,T,F,0,^d,0,0,1,1500,,6,0
1558342643.789307,CwRddC27VTUws2pZIe,192.168.0.24,50985,104.70.122.58,443,tcp,,,,,OTH,T,F,0,^d,0,0,1,1500,,6,0
1558342642.510619,CGtZ491YOYRRApbmcg,192.168.0.13,9064,192.168.0.16,62584,tcp,,,,,OTH,T,T,0,D,1,1440,0,0,,6,0
1558342863.973596,Cl69PT12SzHSOUrvm9,192.168.0.24,54442,223.39.118.176,443,tcp,ssl,10.810019,949.0,7122.0,S3,T,F,134,ShADadtGf,13,1355,20,14951,,6,0
1558342640.500393,CRzJwf2zPZaqzFRhkh,192.168.0.13,20632,192.168.224.23,53368,tcp,,,,,OTH,T,T,0,D,1,82,0,0,,6,0
1558342611.485555,CBYVVUtpZUyNVUXK7,192.168.0.24,36038,223.167.64.130,443,tcp,,,,,OTH,T,F,0,A,1,40,0,0,,6,0
1558342652.180529,CxqSnI2t4IFajz1ruf,192.168.0.24,59073,223.39.118.149,443,tcp,ssl,0.145821,1108.0,512.0,S3,T,F,0,ShADadf,7,1480,8,936,,6,0
1558342874.841561,CZ3aPG28QVwHnFdo0k,94.70.122.58,0,192.168.0.24,0,unknown_transport,,,,,OTH,F,T,0,,1,1500,0,0,,119,0
1558342869.83637,C5ln0S2LFIma9X7C0c,192.168.0.24,55017,223.39.118.176,443,tcp,ssl,0.228428,949.0,7085.0,S1,T,F,0,ShADadtt,16,1609,30,33945,,6,0
1558342822.252026,CWUGBvVKhORtX3Sq5,192.168.0.13,33532,239.255.255.250,1900,udp,,0.270298,685.0,0.0,S0,T,T,0,D,5,825,0,0,,17,0
1558342587.172354,CchCnHHNkCpMxL3Ka,192.168.0.13,0,239.255.255.250,0,unknown_transport,,270.356706,0.0,0.0,OTH,T,T,0,,10,320,0,0,,2,0
1558342651.454529,CeRvGTyDuXR71pDik,192.168.0.24,54374,223.39.118.149,443,tcp,ssl,0.150525,1108.0,512.0,S3,T,F,0,ShADadf,7,1480,8,936,,6,0
1558342646.181865,Cx3ewR1g7j6CtwGwcf,192.168.0.24,39486,223.39.123.191,443,tcp,ssl,5.171465,1065.0,7090.0,S3,T,F,468,ShADadgf,13,1605,11,7066,,6,0
1558342587.943534,CJvCq64CRrBajFnWFi,192.168.0.13,8,192.168.0.1,0,icmp,,285.768084,1120.0,1120.0,OTH,T,T,0,,20,1680,20,1680,,1,0
1558342620.74836,Cwc7xOnfSMubA3lc9,192.168.0.24,57210,223.39.123.191,443,tcp,ssl,5.795333,67174.0,7090.0,S3,T,F,468,ShADadTgft,71,81714,36,8103,,6,0
1558342583.958906,CHo7t312F52wCyomvd,192.168.0.24,35057,223.39.123.191,443,tcp,ssl,5.769056,74971.0,7090.0,S3,T,F,0,ShADadTf,69,79211,47,8974,,6,0
1558342600.878155,CYBWLm3mNo8nsW6kFe,192.168.0.24,36294,223.39.118.176,443,tcp,ssl,10.614263,949.0,7122.0,S3,T,F,0,ShADadft,13,1489,13,7683,,6,0
1558342874.842284,CrEIKi4SF1ymgOxq5,192.168.0.24,51078,104.70.122.58,443,tcp,,,,,OTH,T,F,0,^d,0,0,1,1500,,6,0
1558342579.899607,C98q6q2agfScU5DCDf,192.168.0.13,33397,3.0.230.212,8820,tcp,,270.248112,20.0,20.0,OTH,T,F,0,DdA,19,778,9,378,,6,0
1558342666.029678,CQqsfF1YaTREMLLVq8,192.168.0.13,9020,192.168.0.16,63096,tcp,,,,,OTH,T,T,0,D,1,82,0,0,,6,0
1558342654.165174,CjBB5pqaX6uM3OeMj,192.168.0.24,50966,104.70.122.58,443,tcp,,220.695735,11516.0,3728914.0,OTH,T,F,0,DdAtttT,548,39795,3169,4689023,,6,0
1558342596.518995,CyfSEA16GcclPGsoIg,13.228.233.32,6000,192.168.0.13,47501,udp,,275.36095,528.0,660.0,SF,F,T,0,Dd,12,864,11,968,,17,0
1558342576.761902,CxEpknqCxBhDLXF83,223.39.123.194,8281,192.168.0.24,47192,tcp,,295.225851,59474.0,808.0,OTH,F,T,0,DadT,63,58106,74,3768,,6,0
1558342577.113509,CDGi9s4V8uKHXjcCJg,192.168.0.24,44675,223.39.118.176,443,tcp,ssl,10.269235,949.0,7122.0,S3,T,F,0,ShADadttf,22,1849,28,27488,,6,0
1558342874.841696,CtcXbN20eYHiGfQwi1,192.168.0.24,50966,176.70.122.58,443,tcp,,,,,RSTRH,T,F,0,^qt,0,0,1,1500,,6,0
1558342801.237451,C5LHui1G0MdwLIB8jg,192.168.0.13,9020,192.160.16.16,49784,tcp,,,,,OTH,T,F,0,D,1,1440,0,0,,6,0
1558342875.082143,CxdrQp2r3kQjR7qYO,192.168.0.24,58727,223.39.118.176,443,tcp,ssl,0.534812,949.0,7085.0,S1,T,F,0,ShADadtT,17,1783,18,14223,,6,0
1558342580.425682,Ce86fl1WLAoIo6pS1l,192.168.0.13,9020,192.168.0.16,17016,tcp,,,,,OTH,T,T,0,D,1,1440,0,0,,6,0
1558342866.461608,CKim2L1BUyxcav6M8h,192.168.0.16,49799,192.168.0.13,9020,tcp,,9.487245,192.0,1018596.0,S1,T,T,0,ShADTadtttt,1228,64312,2293,2665168,,6,0
1558342592.939603,C3zFaE1o805QE7g9x2,192.168.0.24,43911,223.39.123.191,443,tcp,ssl,5.285467,1011.0,1150.0,S3,T,F,0,ShADadf,11,1471,10,1554,,6,0
1558342599.461514,CGgWMY3eHH9ieYrYu1,192.168.0.13,9020,192.168.0.16,49783,tcp,,,,,OTH,T,T,0,D,1,1440,0,0,,6,0
1558342587.218955,CKvB8p4UKkpclDDHE2,192.168.0.13,0,224.0.0.251,0,unknown_transport,,270.361947,0.0,0.0,OTH,T,T,0,,10,320,0,0,,2,0
1558342602.161036,CUE6424v96PWTZqhmh,192.168.0.13,9020,192.168.0.16,49675,tcp,,,,,OTH,T,T,0,D,1,1440,0,0,,6,0
1558342724.447599,CugnIR3mWqdhQ2KSB7,192.168.0.13,9020,192.168.224.16,49784,tcp,,,,,OTH,T,T,0,D,1,1440,0,0,,6,0
1558342675.149615,Chm2co3dVKngkCySXc,192.168.0.16,49784,192.168.0.13,9004,tcp,,,,,OTH,T,T,0,A,1,52,0,0,,6,0
1559705652.586143,C9pfgZ1c43ofZsxN55,111.71.34.90,2776,192.168.0.24,19604,tcp,,,,,S0,F,T,0,S,1,40,0,0,,6,1
1559705652.586278,CfxN622VFETpqUxeB7,111.209.187.196,1385,192.168.0.24,19604,tcp,,,,,S0,F,T,0,S,1,40,0,0,,6,1
1559705652.590276,Cm6UTq9lKi66dtjkg,111.181.90.144,2047,192.168.0.24,19604,tcp,,,,,S0,F,T,0,S,1,40,0,0,,6,1
1559705652.590396,C82Dvt3IXpF3eE7ed6,111.188.123.27,3459,192.168.0.24,19604,tcp,,,,,S0,F,T,0,S,1,40,0,0,,6,1
1559705652.595106,CFiZlz495vISiUxDil,111.74.76.120,4929,192.168.0.24,19604,tcp,,,,,S0,F,T,0,S,1,40,0,0,,6,1
1559705652.601832,CX2WKi7Hjfcu5Q7gi,111.69.249.41,6541,192.168.0.24,19604,tcp,,,,,S0,F,T,0,S,1,40,0,0,,6,1
1559705652.607203,CKTunA1fuhn76TfUg2,111.60.176.34,2675,192.168.0.24,19604,tcp,,,,,S0,F,T,0,S,1,40,0,0,,6,1
1559705652.612398,C0vnwK3RJGCY7EQnW6,111.212.188.122,4353,192.168.0.24,19604,tcp,,,,,S0,F,T,0,S,1,40,0,0,,6,1
1559705652.617733,CVMzmE4al2ElnQ0qJ,111.62.214.133,1158,192.168.0.24,19604,tcp,,,,,S0,F,T,0,S,1,40,0,0,,6,1
1559705652.636834,CYJKmKCNZuBRWP444,111.152.113.145,6141,192.168.0.24,19604,tcp,,,,,S0,F,T,0,S,1,40,0,0,,6,1
1559705652.636953,C9W5yNDO6Mv1PLQF,111.137.108.212,2412,192.168.0.24,19604,tcp,,,,,S0,F,T,0,S,1,40,0,0,,6,1
1559705652.637029,CFAgLe4pamWfMR4KLi,111.19.155.86,8346,192.168.0.24,19604,tcp,,,,,S0,F,T,0,S,1,40,0,0,,6,1
1559705652.654078,CzPbwMroXxopn2aDb,111.195.47.2,7679,192.168.0.24,19604,tcp,,,,,S0,F,T,0,S,1,40,0,0,,6,1
1559705652.654199,CR01b7Rg7EUf9Jq6a,111.13.94.195,6331,192.168.0.24,19604,tcp,,,,,S0,F,T,0,S,1,40,0,0,,6,1
1559705652.654272,CVbdpT2lJP4K3uGrWd,111.149.243.245,8486,192.168.0.24,19604,tcp,,,,,S0,F,T,0,S,1,40,0,0,,6,1
1559705652.655613,CSVC7d1pKeUGLNKipf,111.99.52.85,1760,192.168.0.24,19604,tcp,,,,,S0,F,T,0,S,1,40,0,0,,6,1
1559705652.66064,CScPCw27AvFLV2CM2f,111.69.45.52,5846,192.168.0.24,19604,tcp,,,,,S0,F,T,0,S,1,40,0,0,,6,1
1559705652.665574,C80DS71SoGUj93hlza,111.153.237.32,3752,192.168.0.24,19604,tcp,,,,,S0,F,T,0,S,1,40,0,0,,6,1
1559705652.672587,Cjb3UW30Z4RugXJOG9,111.161.88.99,3906,192.168.0.24,19604,tcp,,,,,S0,F,T,0,S,1,40,0,0,,6,1
1559705652.677984,CN7IAq3UK18jzbDLsd,111.122.4.19,7621,192.168.0.24,19604,tcp,,,,,S0,F,T,0,S,1,40,0,0,,6,1
1559705652.693837,C2lcLJ1IjopB5xqmC4,111.119.86.78,8683,192.168.0.24,19604,tcp,,,,,S0,F,T,0,S,1,40,0,0,,6,1
1559705652.694015,CUJkfv4qB5UvekR9u8,111.116.114.117,6894,192.168.0.24,19604,tcp,,,,,S0,F,T,0,S,1,40,0,0,,6,1
1559705652.69409,Cdiqsp3cn9y0Dr928g,111.15.158.27,6445,192.168.0.24,19604,tcp,,,,,S0,F,T,0,S,1,40,0,0,,6,1
1559705652.712508,CATjfP3lvpEzpXOv0h,111.235.180.159,1513,192.168.0.24,19604,tcp,,,,,S0,F,T,0,S,1,40,0,0,,6,1
1559705652.712594,CcaffqeDRcRs6MtRc,111.250.113.95,3431,192.168.0.24,19604,tcp,,,,,S0,F,T,0,S,1,40,0,0,,6,1
1559705652.712668,C43GqdIuih3I20eB,111.19.214.211,8612,192.168.0.24,19604,tcp,,,,,S0,F,T,0,S,1,40,0,0,,6,1
1559705652.712742,CpUMfT3lNyHwUpgCFf,111.191.225.42,5976,192.168.0.24,19604,tcp,,,,,S0,F,T,0,S,1,40,0,0,,6,1
1559705652.716696,CuldLz1KpgrEDJXH56,111.177.37.104,6208,192.168.0.24,19604,tcp,,,,,S0,F,T,0,S,1,40,0,0,,6,1
1559705652.723504,C8xVl14DpZRz97Wo39,111.95.202.69,2514,192.168.0.24,19604,tcp,,,,,S0,F,T,0,S,1,40,0,0,,6,1
1559705652.727201,CvVrL12Ob1u3WtMetg,111.199.108.87,1583,192.168.0.24,19604,tcp,,,,,S0,F,T,0,S,1,40,0,0,,6,1
1559705652.732147,CTXTnn2iVckTz0JMph,111.136.144.73,7727,192.168.0.24,19604,tcp,,,,,S0,F,T,0,S,1,40,0,0,,6,1
1559705652.737771,CGP8zaenOTgoarOXh,111.141.125.159,6696,192.168.0.24,19604,tcp,,,,,S0,F,T,0,S,1,40,0,0,,6,1
1559548729.807872,CUv6df4HZIVicfCFl4,192.168.0.24,33865,182.162.108.112,443,tcp,,0.919607,522.0,0.0,SH,T,F,0,ADTF,5,1251,0,0,,6,1
1559548730.816816,CXuZMr3d4B7kHw5zi4,192.168.0.24,38651,182.162.108.112,443,tcp,ssl,0.222278,1102.0,0.0,S0,T,F,0,SAD,13,1786,0,0,,6,1
1559548731.343985,Cl4ZAx3EhKVFQacJb1,192.168.0.24,33887,223.39.118.176,443,tcp,,0.001289,37.0,0.0,OTH,T,F,0,DR,2,117,0,0,,6,1
1559548738.9869,CTvh5v0N3ZJmrIeo5,192.168.0.24,35786,223.39.123.191,443,tcp,ssl,0.421649,1065.0,0.0,S0,T,F,0,SAD,12,1565,0,0,,6,1
1559548740.112799,Cytkpc4aq2YVQWUFF2,192.168.0.24,38651,182.162.108.112,443,tcp,,0.45291,522.0,0.0,SH,T,F,0,ADF,4,730,0,0,,6,1
1559548740.787505,Camt0e30CbwdiJBcK1,192.168.0.24,35460,182.162.108.112,443,tcp,,1.586597,40045.0,0.0,S0,T,F,0,SADT,173,11386,0,0,,6,1
1559548741.281808,CFmCutdSaQ5DIs5sf,192.168.0.24,32876,223.39.123.191,443,tcp,,0.985051,61361.0,0.0,S0,T,F,0,SADT,53,63501,0,0,,6,1
1559548741.324907,CtKsRg3qbKffmwEvsg,192.168.0.24,53376,223.39.123.191,443,tcp,ssl,1.007605,60449.0,0.0,S0,T,F,0,SAD,66,63109,0,0,,6,1
1559548743.40741,ChUeI66WppeOYldmk,192.168.0.24,46036,223.39.123.191,443,tcp,,0.001477,37.0,0.0,OTH,T,F,0,DR,2,117,0,0,,6,1
1559548743.892752,C1ajDj3o66aVdzTxt8,192.168.0.24,37178,223.39.123.191,443,tcp,,0.002169,37.0,0.0,OTH,T,F,0,DR,2,117,0,0,,6,1
1559548744.546558,CSqs033J11FxkQOlua,192.168.0.24,35786,223.39.123.191,443,tcp,,0.06423,0.0,37.0,SHR,T,F,0,^dftA,2,80,18,1053,,6,1
1559548747.067928,CD2tJyYL8s9k9nWn8,192.168.0.24,48849,223.39.123.191,443,tcp,,0.000367,37.0,0.0,OTH,T,F,0,DR,2,117,0,0,,6,1
1559548747.394797,CSJQG118gXz5FLNVO4,192.168.0.24,32876,223.39.123.191,443,tcp,,0.034234,0.0,37.0,SHR,T,F,0,^dftA,2,80,10,585,,6,1
1559548747.394954,CjzAg83UgcKbA0aXX,192.168.0.24,53376,223.39.123.191,443,tcp,,0.034485,0.0,37.0,SHR,T,F,0,^dfA,2,80,3,157,,6,1
1559548747.393581,CaUQUMpdVNcyV0Zs7,192.168.0.24,59504,223.39.118.176,443,tcp,,0.002997,37.0,0.0,OTH,T,F,0,DR,2,117,0,0,,6,1
1559548750.319771,Cgx3VN1ymBiWZDn84,192.168.0.24,55416,121.254.133.161,80,tcp,,,,,SH,T,F,0,F,1,52,0,0,,6,1
1559548752.840466,CkiQv52YCmVU1z2am5,192.168.0.24,35005,223.39.118.176,443,tcp,,0.01392,37.0,0.0,RSTR,T,F,0,DrR,2,117,1,40,,6,1
1559548751.918567,C8npFM2MkNiDZVjnjf,192.168.0.24,35460,182.162.108.112,443,tcp,,1.324639,522.0,53.0,SF,T,F,0,^dftADFTr,10,2673,4,302,,6,1
1559548757.566015,CI9tFr1YVnOPQ3AoQh,192.168.0.24,52972,223.39.123.191,443,tcp,,0.027135,37.0,0.0,RSTR,T,F,0,DFrT,3,194,2,80,,6,1
1559548763.443195,C4vWB33ssaukGO77nc,192.168.0.24,50311,223.39.123.245,7000,tcp,,0.725938,1087.0,65832.0,SF,T,F,76,ShADadttGFRfR,56,3291,136,146506,,6,1
1559548753.280161,C4fNik4X57hXh9VdX4,192.168.0.24,46591,182.162.108.112,443,tcp,ssl,22.252185,3031.0,375794.0,SF,T,F,4344,ShADadTtgtfFr,191,13904,303,440778,,6,1
1559548792.307002,CtrbDv1zwYRBH8c9X6,192.168.0.24,46382,175.158.10.12,80,tcp,,,,,OTH,T,F,0,R,1,52,0,0,,6,1
1559548792.678022,C32ctU1pwRdHl8t2X5,192.168.0.24,50312,223.39.123.245,7000,tcp,,0.642449,763.0,38412.0,RSTO,T,F,38,ShADadGRf,36,2185,45,40216,,6,1
1559548792.342925,CCywsj1V3lWLeLAjg6,192.168.0.24,45842,14.129.200.42,443,tcp,ssl,5.47671,1094.0,683.0,SF,T,F,0,ShADadfFr,11,1674,9,1147,,6,1
1559548799.841001,CnimQshLz8WBlbyba,192.168.0.24,52779,151.101.230.110,443,tcp,ssl,2.993952,1062.0,3115377.0,S1,T,F,164568,ShADadttggt,823,55882,2122,3153745,,6,1
1559548775.593812,ClUqHIraB2gN0Qr7i,192.168.0.24,48305,182.162.108.112,443,tcp,ssl,22.268029,3031.0,374482.0,SF,T,F,27512,ShADadttggfFr,190,13171,262,379414,,6,1
1559548799.840634,CK7eaW2MRLh7pnRvm8,192.168.0.24,54744,151.101.230.110,443,tcp,ssl,0.685961,1115.0,103537.0,RSTO,T,F,0,ShADadtRtRR,25,2387,91,129382,,6,1
1559548801.394051,C47DvZ3lLVMCx3tsPb,192.168.0.24,52267,151.101.38.25,443,tcp,,,,,SH,T,F,0,F,1,80,0,0,,6,1
1559548802.58183,CI4EtJbI8HRanGTda,192.168.0.24,53799,223.39.123.191,443,tcp,,0.00041,37.0,0.0,OTH,T,F,0,DR,2,117,0,0,,6,1
1559548802.835056,CV1TSg2x8JiMSSJFud,151.101.230.110,443,192.168.0.24,52779,tcp,,3.061321,58951.0,0.0,OTH,F,T,0,QTDawA,46,59897,11,584,,6,1
1559548802.958361,C4ikNj2vdfabvbmzv6,192.168.0.24,37198,223.39.118.176,443,tcp,,0.001358,37.0,0.0,OTH,T,F,0,DR,2,117,0,0,,6,1
1559548805.148212,C2xnlY3gdXt8gPm77b,192.168.0.24,59261,8.8.8.8,53,tcp,,0.102053,0.0,0.0,SF,T,F,0,ShAFf,4,216,2,112,,6,1
1559548809.945477,CSGOid2OsNWi43o5a7,192.168.0.24,36915,223.39.123.191,443,tcp,,0.000933,37.0,0.0,OTH,T,F,0,DR,2,117,0,0,,6,1
1559548814.89314,CqSFUS3xzeg0ZGCds8,192.168.0.24,33295,223.39.118.176,443,tcp,,0.005762,37.0,0.0,OTH,T,F,0,DR,6,277,0,0,,6,1
1559548814.906762,CCaCmj4QwfJEjlXMC8,192.168.0.24,48541,223.39.123.191,443,tcp,,0.00316,37.0,0.0,OTH,T,F,0,DR,2,117,0,0,,6,1
1559548815.140181,CePrxOnygsof0PrU8,192.168.0.24,48331,223.39.118.176,443,tcp,,0.001375,37.0,0.0,OTH,T,F,0,DR,2,117,0,0,,6,1
1559548817.910275,CH3ME52usZdMdw5Ofe,192.168.0.24,38901,223.39.118.149,443,tcp,,,,,OTH,T,F,0,R,1,52,0,0,,6,1
1559286948.92096,CTOvQq4duQxDBGV4A9,192.168.0.16,53182,192.168.0.13,57255,tcp,,,,,OTH,T,T,0,,0,0,0,0,,6,1
1559286948.960339,C2At1H1KgIqMhPzPed,192.168.0.16,53185,192.168.0.13,9010,tcp,,0.06464,336.0,206.0,RSTO,T,T,0,ShADTadftR,12,1272,8,844,,6,1
1559286966.542083,CjzL8K3LwTCfDdURF,192.168.0.16,53187,192.168.0.13,9010,tcp,,1.072253,192.0,149.0,RSTO,T,T,0,ShADTadtR,10,904,6,626,,6,1
1559286949.025062,CqyBHD1zbvnXjWHr2l,192.168.0.16,53186,192.168.0.13,9020,tcp,,18.589348,75953.0,7028278.0,RSTO,T,T,6975210,ShADTadttTGTtgR,1018,203172,947,215960,,6,1
1559286980.321107,CMDoQk2WNdJOM9pVC7,192.168.0.16,53188,192.168.0.13,9010,tcp,,0.034842,192.0,149.0,RSTO,T,T,0,ShADTadftR,12,1008,10,983,,6,1
1559286943.048696,C0UFzF1m5RXlNMcoj8,192.168.0.16,53182,192.168.0.13,9020,tcp,,37.324657,1572864.0,1260037.0,OTH,T,T,0,AdttttR,2277,118944,3295,2952987,,6,1
1559286980.379271,Cjdhfv2MVTzj8fnCQ3,192.168.0.16,53189,192.168.0.13,9010,tcp,,0.039315,448.0,280.0,RSTO,T,T,0,ShADTadftR,12,1520,8,992,,6,1
1559287025.411347,CeOVAc0bHN0ohzL6e,192.168.0.16,53191,192.168.0.13,9010,tcp,,0.043905,336.0,206.0,RSTO,T,T,0,ShADTadftR,12,1272,8,844,,6,1
1559287027.595256,CFZEll43YQcSmuVNwf,192.168.0.16,53102,192.168.0.13,12744,tcp,,,,,S0,T,T,0,ST,1,52,0,0,,6,1
1559287037.682449,CAmIit2iMB0Eyr5c18,192.168.0.16,53195,192.168.0.13,9010,tcp,,1.069776,192.0,149.0,RSTO,T,T,0,ShADTadftR,13,1252,8,730,,6,1
1559287025.455326,C3X8LK1n5l4XwXUNJ6,192.168.0.16,53192,192.168.0.13,9020,tcp,,13.307971,52957.0,55370.0,SF,T,T,296,ShADTadtTtTtgFf,741,180358,603,144654,,6,1
1559287047.600455,ChUJeo1FDgPfUJtcZd,192.168.0.16,53196,192.168.0.13,9010,tcp,,0.057371,336.0,206.0,RSTO,T,T,0,ShADTadftR,12,1272,9,1102,,6,1
1559287047.657899,C27aGB3iehusmMesOj,192.168.0.16,53197,192.168.0.13,9020,tcp,,6.325508,21946.0,24537.0,RSTR,T,T,0,ShADTadtTtiFf,300,56718,283,64070,,6,1
1559287052.933484,CCvUT84s0ScezNeMoj,192.168.0.16,53198,192.168.0.13,9010,tcp,,1.050868,192.0,149.0,RSTO,T,T,0,ShADTadtRf,12,984,8,730,,6,1
1559286980.41866,C192CV3i6vObt6cGTb,192.168.0.16,53190,192.168.0.13,9020,tcp,,134.286474,208.0,553520212.0,S1,T,T,4180,ShADTadtttgGt,11756,615476,13286,13756359,,6,1
1562822104.692008,CMjAGT3hJBc9fC9Eme,192.168.0.15,52143,192.168.0.13,443,tcp,,,,,S0,T,T,0,S,1,44,0,0,,6,1
1562822104.692127,CW9JpX3YmjqwqPGFtk,192.168.0.15,52143,192.168.0.13,1025,tcp,,,,,S0,T,T,0,S,1,44,0,0,,6,1
1562822104.692201,CscdxU3xKCfG0f2jr9,192.168.0.15,52143,192.168.0.13,445,tcp,,,,,S0,T,T,0,S,1,44,0,0,,6,1
1562822104.692385,CeOIJ9Wek97RCY3g6,192.168.0.15,52143,192.168.0.13,111,tcp,,,,,S0,T,T,0,S,1,44,0,0,,6,1
1562822104.692459,CMI16G4lSnDq1xLv7c,192.168.0.15,52143,192.168.0.13,110,tcp,,,,,S0,T,T,0,S,1,44,0,0,,6,1
1562822104.692532,CNV9l24xMq3sP2NWe,192.168.0.15,52143,192.168.0.13,8888,tcp,,,,,S0,T,T,0,S,1,44,0,0,,6,1
1562822104.692605,Cz1Ram43AcjWPehucj,192.168.0.15,52143,192.168.0.13,1720,tcp,,,,,S0,T,T,0,S,1,44,0,0,,6,1
1562822104.692678,CdvtDw1k83Q7Y2WWJ4,192.168.0.15,52143,192.168.0.13,80,tcp,,,,,S0,T,T,0,S,1,44,0,0,,6,1
1562822104.692751,CY6jMK3x7aZ1ZM2Dx6,192.168.0.15,52143,192.168.0.13,3306,tcp,,,,,S0,T,T,0,S,1,44,0,0,,6,1
1562822104.692824,CjNCIU1xdc8hW6tNo4,192.168.0.15,52143,192.168.0.13,256,tcp,,,,,S0,T,T,0,S,1,44,0,0,,6,1
1562822104.703532,CYLlfn36pjVM3vNeA2,192.168.0.15,52143,192.168.0.13,53,tcp,,,,,S0,T,T,0,S,1,44,0,0,,6,1
1562822104.703652,CoRwq3YKSTC4F48O7,192.168.0.15,52143,192.168.0.13,8080,tcp,,,,,S0,T,T,0,S,1,44,0,0,,6,1
1562822104.703725,Cb8THe6oGLhXHWAae,192.168.0.15,52143,192.168.0.13,113,tcp,,,,,S0,T,T,0,S,1,44,0,0,,6,1
1562822104.703797,C07yg227nOSymGtnsh,192.168.0.15,52143,192.168.0.13,587,tcp,,,,,S0,T,T,0,S,1,44,0,0,,6,1
1562822104.703869,CedSMC4WdWduBlLIBc,192.168.0.15,52143,192.168.0.13,5900,tcp,,,,,S0,T,T,0,S,1,44,0,0,,6,1
1562822104.70395,CmIyRv2oVmTvJY2T91,192.168.0.15,52143,192.168.0.13,199,tcp,,,,,S0,T,T,0,S,1,44,0,0,,6,1
1562822104.704023,Cok4yf1TfcX08JX3Kg,192.168.0.15,52143,192.168.0.13,143,tcp,,,,,S0,T,T,0,S,1,44,0,0,,6,1
1562822104.704661,Cmh4b83pMKhqiuoj57,192.168.0.15,52143,192.168.0.13,21,tcp,,,,,S0,T,T,0,S,1,44,0,0,,6,1
1562822104.704819,CK6Ika210xMdEK16xg,192.168.0.15,52143,192.168.0.13,995,tcp,,,,,S0,T,T,0,S,1,44,0,0,,6,1
1562822104.704892,CXDgBe3UejEGh1ULL4,192.168.0.15,52143,192.168.0.13,22,tcp,,,,,S0,T,T,0,S,1,44,0,0,,6,1
1562822104.704965,CMJUJB3T0QEua7T6Ae,192.168.0.15,52143,192.168.0.13,993,tcp,,,,,S0,T,T,0,S,1,44,0,0,,6,1
1562822104.705039,CMvldo1oicfLnffuq9,192.168.0.15,52143,192.168.0.13,25,tcp,,,,,S0,T,T,0,S,1,44,0,0,,6,1
1562822104.705112,CdIhwJ1NYBKDr5NBng,192.168.0.15,52143,192.168.0.13,3389,tcp,,,,,S0,T,T,0,S,1,44,0,0,,6,1
1562822104.705186,C99zhe3IZ6n0nnhfG3,192.168.0.15,52143,192.168.0.13,1723,tcp,,,,,S0,T,T,0,S,1,44,0,0,,6,1
1562822104.705259,CKcyXdpXO044GnEoc,192.168.0.15,52143,192.168.0.13,23,tcp,,,,,S0,T,T,0,S,1,44,0,0,,6,1
1562822104.705333,CRybxa1orlTQfltyl7,192.168.0.15,52143,192.168.0.13,135,tcp,,,,,S0,T,T,0,S,1,44,0,0,,6,1
1562822104.7057,CuHYD93E5ZDFU2PlP6,192.168.0.15,52143,192.168.0.13,139,tcp,,,,,S0,T,T,0,S,1,44,0,0,,6,1
1562822104.705772,C624KY300EwVhajQT1,192.168.0.15,52143,192.168.0.13,3551,tcp,,,,,S0,T,T,0,S,1,44,0,0,,6,1
1562822104.705843,CXmBO74yCf6yvK31wh,192.168.0.15,52143,192.168.0.13,212,tcp,,,,,S0,T,T,0,S,1,44,0,0,,6,1
1562822104.704744,CdGO7PKopKawlfj4i,192.168.0.15,52143,192.168.0.13,554,tcp,,0.008227,0.0,0.0,RSTOS0,T,T,0,SR,2,84,0,0,,6,1
1562822104.716442,C8VEGB3s3ciwVmpJye,192.168.0.15,52143,192.168.0.13,81,tcp,,,,,S0,T,T,0,S,1,44,0,0,,6,1
1562822104.716525,CMqBJJ39LKqYCiYCzl,192.168.0.15,52143,192.168.0.13,1106,tcp,,,,,S0,T,T,0,S,1,44,0,0,,6,1
1562822104.716599,CWmt5x4LAqMbgRQn4h,192.168.0.15,52143,192.168.0.13,3323,tcp,,,,,S0,T,T,0,S,1,44,0,0,,6,1
1562822104.716672,C5Dou48zKjBArRdsf,192.168.0.15,52143,192.168.0.13,515,tcp,,,,,S0,T,T,0,S,1,44,0,0,,6,1
1562822104.716745,Cg3Agv2ShtE1PNQBj7,192.168.0.15,52143,192.168.0.13,9618,tcp,,,,,S0,T,T,0,S,1,44,0,0,,6,1
1562822104.716818,CkJACe2SI7ALBaXxgg,192.168.0.15,52143,192.168.0.13,34572,tcp,,,,,S0,T,T,0,S,1,44,0,0,,6,1
1562822104.716891,C01MStz5f0dBF5kE3,192.168.0.15,52143,192.168.0.13,14000,tcp,,,,,S0,T,T,0,S,1,44,0,0,,6,1
1562822104.716965,C92ne21uLNvjcYyd12,192.168.0.15,52143,192.168.0.13,10002,tcp,,,,,S0,T,T,0,S,1,44,0,0,,6,1
1562822104.717037,Cuhj8i18Kt3a8BGa98,192.168.0.15,52143,192.168.0.13,1862,tcp,,,,,S0,T,T,0,S,1,44,0,0,,6,1
1562822104.717111,C2E3oy3d6XQbl2d1ff,192.168.0.15,52143,192.168.0.13,5825,tcp,,,,,S0,T,T,0,S,1,44,0,0,,6,1
1562822104.717572,CCvg9E2rW9kiW5N715,192.168.0.15,52143,192.168.0.13,1151,tcp,,,,,S0,T,T,0,S,1,44,0,0,,6,1
1562822104.717647,CM3Sn2i6KMlBhcf0k,192.168.0.15,52143,192.168.0.13,1088,tcp,,,,,S0,T,T,0,S,1,44,0,0,,6,1
1562822104.71772,CYocYv4QCZATTQXG4e,192.168.0.15,52143,192.168.0.13,32777,tcp,,,,,S0,T,T,0,S,1,44,0,0,,6,1
1562822104.717799,CF4xGQ3gYdtbyCsDV5,192.168.0.15,52143,192.168.0.13,5054,tcp,,,,,S0,T,T,0,S,1,44,0,0,,6,1
1562822104.717873,CD52EO3OTDQ8UPbGD7,192.168.0.15,52143,192.168.0.13,1055,tcp,,,,,S0,T,T,0,S,1,44,0,0,,6,1
1562822104.717945,Ci6StL2rFuVq7Sf2Kg,192.168.0.15,52143,192.168.0.13,7778,tcp,,,,,S0,T,T,0,S,1,44,0,0,,6,1
1562822104.718019,C2WDIn3WCXt4rQPvG9,192.168.0.15,52143,192.168.0.13,1783,tcp,,,,,S0,T,T,0,S,1,44,0,0,,6,1
1562822104.718092,CpR8904gh8wEpFYmvd,192.168.0.15,52143,192.168.0.13,4,tcp,,,,,S0,T,T,0,S,1,44,0,0,,6,1
1562822104.718165,CQxTFpFihHxvnUFrc,192.168.0.15,52143,192.168.0.13,2809,tcp,,,,,S0,T,T,0,S,1,44,0,0,,6,1
1562822104.718238,CXSAquKMP4hnzWDWj,192.168.0.15,52143,192.168.0.13,60020,tcp,,,,,S0,T,T,0,S,1,44,0,0,,6,1
1562822104.718312,CidG9O2zdRkR6IaJw2,192.168.0.15,52143,192.168.0.13,1972,tcp,,,,,S0,T,T,0,S,1,44,0,0,,6,1
1562822104.718385,CdtlvxkGP8QbmaZZa,192.168.0.15,52143,192.168.0.13,32778,tcp,,,,,S0,T,T,0,S,1,44,0,0,,6,1
1562822104.718458,CxRjPM2C62DThX8Aed,192.168.0.15,52143,192.168.0.13,1328,tcp,,,,,S0,T,T,0,S,1,44,0,0,,6,1
1562822104.718532,CZS4SD27tcFW3rK9ll,192.168.0.15,52143,192.168.0.13,28201,tcp,,,,,S0,T,T,0,S,1,44,0,0,,6,1
1562822104.718605,CCdVup2pa33Q5K9pC5,192.168.0.15,52143,192.168.0.13,16016,tcp,,,,,S0,T,T,0,S,1,44,0,0,,6,1
1562822104.718679,CqUD0rxiGipTHm616,192.168.0.15,52143,192.168.0.13,513,tcp,,,,,S0,T,T,0,S,1,44,0,0,,6,1
1562822104.719189,CA1cVk2QRMqjwlXu8g,192.168.0.15,52143,192.168.0.13,259,tcp,,,,,S0,T,T,0,S,1,44,0,0,,6,1
1562822104.719263,CvXlFQ31YayBWfK0ai,192.168.0.15,52143,192.168.0.13,20005,tcp,,,,,S0,T,T,0,S,1,44,0,0,,6,1
1562822104.719337,CwbkBI2RSG5T63h411,192.168.0.15,52143,192.168.0.13,3260,tcp,,,,,S0,T,T,0,S,1,44,0,0,,6,1
1562822104.71941,CRLdqO3CsriBFOu9xd,192.168.0.15,52143,192.168.0.13,35500,tcp,,,,,S0,T,T,0,S,1,44,0,0,,6,1
1562822104.719483,ChlcW53toPTufzQc32,192.168.0.15,52143,192.168.0.13,8600,tcp,,,,,S0,T,T,0,S,1,44,0,0,,6,1
1562822104.719557,CCshCO2iw200furFmg,192.168.0.15,52143,192.168.0.13,1148,tcp,,,,,S0,T,T,0,S,1,44,0,0,,6,1
1562822104.719977,CHxqyX1goZ6BiCDsFk,192.168.0.15,52143,192.168.0.13,55056,tcp,,,,,S0,T,T,0,S,1,44,0,0,,6,1
1562822104.720052,CPXRcJ3LxNv8HHkFEc,192.168.0.15,52143,192.168.0.13,631,tcp,,,,,S0,T,T,0,S,1,44,0,0,,6,1
1562822104.720125,CDGxqtDicBcv3md18,192.168.0.15,52143,192.168.0.13,6502,tcp,,,,,S0,T,T,0,S,1,44,0,0,,6,1
1562822104.720198,CmC3r23AQdkevsm78j,192.168.0.15,52143,192.168.0.13,4125,tcp,,,,,S0,T,T,0,S,1,44,0,0,,6,1
1562822104.720277,C7ZTJB4MPcn8FZWoe6,192.168.0.15,52143,192.168.0.13,23502,tcp,,,,,S0,T,T,0,S,1,44,0,0,,6,1
